{
  "file": "C:\\Users\\yuuta.ochiai\\Downloads\\Case1.cgn",
  "exists": true,
  "size_bytes": 2389546051,
  "signature_ok": true,
  "superblock_version": 0,
  "superblock": {
    "offset_size": 8,
    "base_addr": 0,
    "free_addr": 18446744073709551615,
    "eof_addr": 10725086,
    "driver_addr": 18446744073709551615
  },
  "eof_matches_filesize": false,
  "raw_token_hits": {
    "iRIC": true,
    "GridCoordinates": true,
    "CoordinateX": true,
    "FlowSolutionPointers": false,
    "FlowSolution1": true
  },
  "h5py_probe": {
    "open_ok": false,
    "root_keys": [
      " format",
      " hdf5version",
      "CGNSLibraryVersion",
      "iRIC"
    ],
    "path_checks": {
      "iRIC": {
        "ok": false,
        "error": "KeyError: 'Unable to synchronously open object (addr overflow, addr = 10725326, size = 80, eoa = 10725086)'"
      },
      "iRIC/iRICZone": {
        "ok": false,
        "error": "KeyError: 'Unable to synchronously open object (addr overflow, addr = 10725326, size = 80, eoa = 10725086)'"
      },
      "iRIC/iRICZone/GridCoordinates": {
        "ok": false,
        "error": "KeyError: 'Unable to synchronously open object (addr overflow, addr = 10725326, size = 80, eoa = 10725086)'"
      },
      "iRIC/iRICZone/GridCoordinates/CoordinateX": {
        "ok": false,
        "error": "KeyError: 'Unable to synchronously open object (addr overflow, addr = 10725326, size = 80, eoa = 10725086)'"
      },
      "iRIC/iRICZone/ZoneIterativeData/FlowSolutionPointers": {
        "ok": false,
        "error": "KeyError: 'Unable to synchronously open object (addr overflow, addr = 10725326, size = 80, eoa = 10725086)'"
      }
    },
    "error": "RuntimeError: Object visitation failed (addr overflow, addr = 10725326, size = 80, eoa = 10725086)"
  }
}