{
  "file": "C:\\Users\\yuuta.ochiai\\Downloads\\Case1_eofpatch.cgn",
  "exists": true,
  "size_bytes": 2389546051,
  "signature_ok": true,
  "superblock_version": 0,
  "superblock": {
    "offset_size": 8,
    "base_addr": 0,
    "free_addr": 18446744073709551615,
    "eof_addr": 2389546051,
    "driver_addr": 18446744073709551615
  },
  "eof_matches_filesize": true,
  "raw_token_hits": {
    "iRIC": true,
    "GridCoordinates": true,
    "CoordinateX": true,
    "FlowSolutionPointers": false,
    "FlowSolution1": true
  },
  "h5py_probe": {
    "open_ok": true,
    "root_keys": [
      " format",
      " hdf5version",
      "CGNSLibraryVersion",
      "iRIC"
    ],
    "path_checks": {
      "iRIC": {
        "ok": true,
        "type": "Group"
      },
      "iRIC/iRICZone": {
        "ok": true,
        "type": "Group"
      },
      "iRIC/iRICZone/GridCoordinates": {
        "ok": false,
        "error": "KeyError: \"Unable to synchronously open object (object 'GridCoordinates' doesn't exist)\""
      },
      "iRIC/iRICZone/GridCoordinates/CoordinateX": {
        "ok": false,
        "error": "KeyError: 'Unable to synchronously open object (component not found)'"
      },
      "iRIC/iRICZone/ZoneIterativeData/FlowSolutionPointers": {
        "ok": false,
        "error": "KeyError: 'Unable to synchronously open object (component not found)'"
      }
    },
    "reachable_count": 816,
    "reachable_head": [
      " format",
      " hdf5version",
      "CGNSLibraryVersion",
      "CGNSLibraryVersion/ data",
      "iRIC",
      "iRIC/ data",
      "iRIC/BaseIterativeData",
      "iRIC/BaseIterativeData/ data",
      "iRIC/CalculationConditions",
      "iRIC/CalculationConditions/alpha_aca",
      "iRIC/CalculationConditions/alpha_aca/Value",
      "iRIC/CalculationConditions/alpha_aca/Value/ data",
      "iRIC/CalculationConditions/alpha_aca_bed",
      "iRIC/CalculationConditions/alpha_aca_bed/Value",
      "iRIC/CalculationConditions/alpha_aca_bed/Value/ data",
      "iRIC/CalculationConditions/bet_max",
      "iRIC/CalculationConditions/bet_max/Value",
      "iRIC/CalculationConditions/bet_max/Value/ data",
      "iRIC/CalculationConditions/bh_slope",
      "iRIC/CalculationConditions/bh_slope/Value",
      "iRIC/CalculationConditions/bh_slope/Value/ data",
      "iRIC/CalculationConditions/c_tree",
      "iRIC/CalculationConditions/c_tree/Value",
      "iRIC/CalculationConditions/c_tree/Value/ data",
      "iRIC/CalculationConditions/cflx",
      "iRIC/CalculationConditions/cflx/Value",
      "iRIC/CalculationConditions/cflx/Value/ data",
      "iRIC/CalculationConditions/coef_tsc",
      "iRIC/CalculationConditions/coef_tsc/Value",
      "iRIC/CalculationConditions/coef_tsc/Value/ data",
      "iRIC/CalculationConditions/csbar0",
      "iRIC/CalculationConditions/csbar0/Value",
      "iRIC/CalculationConditions/csbar0/Value/ data",
      "iRIC/CalculationConditions/cse",
      "iRIC/CalculationConditions/cse/Value",
      "iRIC/CalculationConditions/cse/Value/ data",
      "iRIC/CalculationConditions/delta_z0",
      "iRIC/CalculationConditions/delta_z0/Value",
      "iRIC/CalculationConditions/delta_z0/Value/ data",
      "iRIC/CalculationConditions/depth_vege_in",
      "iRIC/CalculationConditions/depth_vege_in/Value",
      "iRIC/CalculationConditions/depth_vege_in/Value/ data",
      "iRIC/CalculationConditions/dex_wd_time",
      "iRIC/CalculationConditions/dex_wd_time/Value",
      "iRIC/CalculationConditions/dex_wd_time/Value/ data",
      "iRIC/CalculationConditions/dh_heisuii_max",
      "iRIC/CalculationConditions/dh_heisuii_max/Value",
      "iRIC/CalculationConditions/dh_heisuii_max/Value/ data",
      "iRIC/CalculationConditions/dh_heisuii_max2",
      "iRIC/CalculationConditions/dh_heisuii_max2/Value",
      "iRIC/CalculationConditions/dh_heisuii_max2/Value/ data",
      "iRIC/CalculationConditions/diam",
      "iRIC/CalculationConditions/diam/Value",
      "iRIC/CalculationConditions/diam/Value/ data",
      "iRIC/CalculationConditions/discharge_waterlevel",
      "iRIC/CalculationConditions/discharge_waterlevel/days",
      "iRIC/CalculationConditions/discharge_waterlevel/days/ data",
      "iRIC/CalculationConditions/discharge_waterlevel/discharge",
      "iRIC/CalculationConditions/discharge_waterlevel/discharge/ data",
      "iRIC/CalculationConditions/discharge_waterlevel/ivegegrow",
      "iRIC/CalculationConditions/discharge_waterlevel/ivegegrow/ data",
      "iRIC/CalculationConditions/discharge_waterlevel/ivegein",
      "iRIC/CalculationConditions/discharge_waterlevel/ivegein/ data",
      "iRIC/CalculationConditions/discharge_waterlevel/time",
      "iRIC/CalculationConditions/discharge_waterlevel/time/ data",
      "iRIC/CalculationConditions/discharge_waterlevel/water_level",
      "iRIC/CalculationConditions/discharge_waterlevel/water_level/ data",
      "iRIC/CalculationConditions/div_height",
      "iRIC/CalculationConditions/div_height/Value",
      "iRIC/CalculationConditions/div_height/Value/ data",
      "iRIC/CalculationConditions/dt",
      "iRIC/CalculationConditions/dt/Value",
      "iRIC/CalculationConditions/dt/Value/ data",
      "iRIC/CalculationConditions/dz_vegelost0",
      "iRIC/CalculationConditions/dz_vegelost0/Value",
      "iRIC/CalculationConditions/dz_vegelost0/Value/ data",
      "iRIC/CalculationConditions/dz_vegelost1",
      "iRIC/CalculationConditions/dz_vegelost1/Value",
      "iRIC/CalculationConditions/dz_vegelost1/Value/ data",
      "iRIC/CalculationConditions/e_d",
      "iRIC/CalculationConditions/e_d/Value",
      "iRIC/CalculationConditions/e_d/Value/ data",
      "iRIC/CalculationConditions/e_m",
      "iRIC/CalculationConditions/e_m/Value",
      "iRIC/CalculationConditions/e_m/Value/ data",
      "iRIC/CalculationConditions/e_m0",
      "iRIC/CalculationConditions/e_m0/Value",
      "iRIC/CalculationConditions/e_m0/Value/ data",
      "iRIC/CalculationConditions/e_thick",
      "iRIC/CalculationConditions/e_thick/Value",
      "iRIC/CalculationConditions/e_thick/Value/ data",
      "iRIC/CalculationConditions/flow_qmin",
      "iRIC/CalculationConditions/flow_qmin/Value",
      "iRIC/CalculationConditions/flow_qmin/Value/ data",
      "iRIC/CalculationConditions/h_down",
      "iRIC/CalculationConditions/h_down/Value",
      "iRIC/CalculationConditions/h_down/Value/ data",
      "iRIC/CalculationConditions/h_slope",
      "iRIC/CalculationConditions/h_slope/Value",
      "iRIC/CalculationConditions/h_slope/Value/ data",
      "iRIC/CalculationConditions/hcal_switching_ratio",
      "iRIC/CalculationConditions/hcal_switching_ratio/Value",
      "iRIC/CalculationConditions/hcal_switching_ratio/Value/ data",
      "iRIC/CalculationConditions/hmin0",
      "iRIC/CalculationConditions/hmin0/Value",
      "iRIC/CalculationConditions/hmin0/Value/ data",
      "iRIC/CalculationConditions/hmin_qbs",
      "iRIC/CalculationConditions/hmin_qbs/Value",
      "iRIC/CalculationConditions/hmin_qbs/Value/ data",
      "iRIC/CalculationConditions/hq_a",
      "iRIC/CalculationConditions/hq_a/Value",
      "iRIC/CalculationConditions/hq_a/Value/ data",
      "iRIC/CalculationConditions/hq_b",
      "iRIC/CalculationConditions/hq_b/Value",
      "iRIC/CalculationConditions/hq_b/Value/ data",
      "iRIC/CalculationConditions/i_flow",
      "iRIC/CalculationConditions/i_flow/Value",
      "iRIC/CalculationConditions/i_flow/Value/ data",
      "iRIC/CalculationConditions/i_sec_hour",
      "iRIC/CalculationConditions/i_sec_hour/Value"
    ]
  },
  "zone_extract": {
    "file": "C:\\Users\\yuuta.ochiai\\Downloads\\Case1_eofpatch.cgn",
    "zone_datasets": [
      {
        "path": "iRIC/iRICZone/ebcx_height/ data",
        "variable": "ebcx_height",
        "shape": [
          72,
          813
        ],
        "dtype": "float64",
        "sample": [
          -9999.0,
          -9999.0,
          -9999.0,
          -9999.0,
          -9999.0,
          -9999.0,
          -9999.0,
          -9999.0,
          -9999.0,
          -9999.0,
          -9999.0,
          -9999.0
        ]
      },
      {
        "path": "iRIC/iRICZone/qq_iface/ data",
        "variable": "qq_iface",
        "shape": [
          72,
          813
        ],
        "dtype": "float64",
        "sample": [
          1939.17,
          1939.17,
          1939.1699999999998,
          1939.1700000000003,
          1939.1699999999998,
          1939.1700000000003,
          1939.170000000001,
          1939.1700000000003,
          1939.1699999999998,
          1939.1699999999992,
          1939.1700000000003,
          1939.17
        ]
      },
      {
        "path": "iRIC/iRICZone/term_advc_x/ data",
        "variable": "term_advc_x",
        "shape": [
          72,
          813
        ],
        "dtype": "float64",
        "sample": [
          0.0,
          0.0,
          0.0,
          0.0,
          0.0,
          0.0,
          0.0,
          0.0,
          0.0,
          0.0,
          0.0,
          0.0
        ]
      },
      {
        "path": "iRIC/iRICZone/term_fric_x/ data",
        "variable": "term_fric_x",
        "shape": [
          72,
          813
        ],
        "dtype": "float64",
        "sample": [
          0.0,
          0.0,
          0.0,
          0.0,
          0.0,
          0.0,
          0.0,
          0.0,
          0.0,
          0.0,
          0.0,
          0.0
        ]
      }
    ],
    "count": 4
  }
}